variant_id,product_id,sku,option1_name,option1_value,option2_name,option2_value,price,compare_at_price,barcode,weight_grams,inventory_quantity
var_000001,prod_00001,PF-TEE-ESSTEE-WAS-XS,Size,XS,Colour,Washed Black,50,,500000000001,280,-77
var_000002,prod_00001,PF-TEE-ESSTEE-WAS-S,Size,S,Colour,Washed Black,50,,500000000002,280,-57
var_000003,prod_00001,PF-TEE-ESSTEE-WAS-M,Size,M,Colour,Washed Black,50,,500000000003,280,78
var_000004,prod_00001,PF-TEE-ESSTEE-WAS-L,Size,L,Colour,Washed Black,50,,500000000004,280,26
var_000005,prod_00001,PF-TEE-ESSTEE-WAS-XL,Size,XL,Colour,Washed Black,50,,500000000005,280,-14
var_000006,prod_00001,PF-TEE-ESSTEE-VIN-XS,Size,XS,Colour,Vintage Cream,50,,500000000006,280,-101
var_000007,prod_00001,PF-TEE-ESSTEE-VIN-S,Size,S,Colour,Vintage Cream,50,,500000000007,280,-32
var_000008,prod_00001,PF-TEE-ESSTEE-VIN-M,Size,M,Colour,Vintage Cream,50,,500000000008,280,58
var_000009,prod_00001,PF-TEE-ESSTEE-VIN-L,Size,L,Colour,Vintage Cream,50,,500000000009,280,-4
var_000010,prod_00001,PF-TEE-ESSTEE-VIN-XL,Size,XL,Colour,Vintage Cream,50,,500000000010,280,36
var_000011,prod_00001,PF-TEE-ESSTEE-CHA-XS,Size,XS,Colour,Charcoal,50,,500000000011,280,-114
var_000012,prod_00001,PF-TEE-ESSTEE-CHA-S,Size,S,Colour,Charcoal,50,,500000000012,280,-17
var_000013,prod_00001,PF-TEE-ESSTEE-CHA-M,Size,M,Colour,Charcoal,50,,500000000013,280,71
var_000014,prod_00001,PF-TEE-ESSTEE-CHA-L,Size,L,Colour,Charcoal,50,,500000000014,280,-28
var_000015,prod_00001,PF-TEE-ESSTEE-CHA-XL,Size,XL,Colour,Charcoal,50,,500000000015,280,43
var_000016,prod_00002,PF-HOOD-CLAHOO-WAS-XS,Size,XS,Colour,Washed Black,155,,500000000016,650,-32
var_000017,prod_00002,PF-HOOD-CLAHOO-WAS-S,Size,S,Colour,Washed Black,155,,500000000017,650,14
var_000018,prod_00002,PF-HOOD-CLAHOO-WAS-M,Size,M,Colour,Washed Black,155,,500000000018,650,95
var_000019,prod_00002,PF-HOOD-CLAHOO-WAS-L,Size,L,Colour,Washed Black,155,,500000000019,650,31
var_000020,prod_00002,PF-HOOD-CLAHOO-WAS-XL,Size,XL,Colour,Washed Black,155,,500000000020,650,53
var_000021,prod_00002,PF-HOOD-CLAHOO-DEE-XS,Size,XS,Colour,Deep Navy,155,,500000000021,650,-47
var_000022,prod_00002,PF-HOOD-CLAHOO-DEE-S,Size,S,Colour,Deep Navy,155,,500000000022,650,23
var_000023,prod_00002,PF-HOOD-CLAHOO-DEE-M,Size,M,Colour,Deep Navy,155,,500000000023,650,72
var_000024,prod_00002,PF-HOOD-CLAHOO-DEE-L,Size,L,Colour,Deep Navy,155,,500000000024,650,32
var_000025,prod_00002,PF-HOOD-CLAHOO-DEE-XL,Size,XL,Colour,Deep Navy,155,,500000000025,650,45
var_000026,prod_00002,PF-HOOD-CLAHOO-CHA-XS,Size,XS,Colour,Charcoal,155,,500000000026,650,-31
var_000027,prod_00002,PF-HOOD-CLAHOO-CHA-S,Size,S,Colour,Charcoal,155,,500000000027,650,22
var_000028,prod_00002,PF-HOOD-CLAHOO-CHA-M,Size,M,Colour,Charcoal,155,,500000000028,650,74
var_000029,prod_00002,PF-HOOD-CLAHOO-CHA-L,Size,L,Colour,Charcoal,155,,500000000029,650,36
var_000030,prod_00002,PF-HOOD-CLAHOO-CHA-XL,Size,XL,Colour,Charcoal,155,,500000000030,650,33
var_000031,prod_00003,PF-SWEA-EVESWE-CHA-XS,Size,XS,Colour,Charcoal,135,,500000000031,520,-16
var_000032,prod_00003,PF-SWEA-EVESWE-CHA-S,Size,S,Colour,Charcoal,135,,500000000032,520,9
var_000033,prod_00003,PF-SWEA-EVESWE-CHA-M,Size,M,Colour,Charcoal,135,,500000000033,520,52
var_000034,prod_00003,PF-SWEA-EVESWE-CHA-L,Size,L,Colour,Charcoal,135,,500000000034,520,54
var_000035,prod_00003,PF-SWEA-EVESWE-CHA-XL,Size,XL,Colour,Charcoal,135,,500000000035,520,43
var_000036,prod_00003,PF-SWEA-EVESWE-FAD-XS,Size,XS,Colour,Faded Olive,135,,500000000036,520,-5
var_000037,prod_00003,PF-SWEA-EVESWE-FAD-S,Size,S,Colour,Faded Olive,135,,500000000037,520,10
var_000038,prod_00003,PF-SWEA-EVESWE-FAD-M,Size,M,Colour,Faded Olive,135,,500000000038,520,70
var_000039,prod_00003,PF-SWEA-EVESWE-FAD-L,Size,L,Colour,Faded Olive,135,,500000000039,520,45
var_000040,prod_00003,PF-SWEA-EVESWE-FAD-XL,Size,XL,Colour,Faded Olive,135,,500000000040,520,45
var_000041,prod_00004,PF-CAP-LOGCAP-WAS-ONE,Size,ONE,Colour,Washed Black,45,,500000000041,120,-143
var_000042,prod_00004,PF-CAP-LOGCAP-VIN-ONE,Size,ONE,Colour,Vintage Cream,45,,500000000042,120,-146
var_000043,prod_00004,PF-CAP-LOGCAP-DEE-ONE,Size,ONE,Colour,Deep Navy,45,,500000000043,120,-179
var_000044,prod_00005,PF-TRAI-COUTRA-OFF-UK6,Size,UK6,Colour,Off-White,195,,500000000044,850,-42
var_000045,prod_00005,PF-TRAI-COUTRA-OFF-UK7,Size,UK7,Colour,Off-White,195,,500000000045,850,-23
var_000046,prod_00005,PF-TRAI-COUTRA-OFF-UK8,Size,UK8,Colour,Off-White,195,,500000000046,850,28
var_000047,prod_00005,PF-TRAI-COUTRA-OFF-UK9,Size,UK9,Colour,Off-White,195,,500000000047,850,16
var_000048,prod_00005,PF-TRAI-COUTRA-OFF-UK10,Size,UK10,Colour,Off-White,195,,500000000048,850,13
var_000049,prod_00005,PF-TRAI-COUTRA-OFF-UK11,Size,UK11,Colour,Off-White,195,,500000000049,850,-55
var_000050,prod_00005,PF-TRAI-COUTRA-OFF-UK12,Size,UK12,Colour,Off-White,195,,500000000050,850,-64
var_000051,prod_00005,PF-TRAI-COUTRA-WAS-UK6,Size,UK6,Colour,Washed Black,195,,500000000051,850,-41
var_000052,prod_00005,PF-TRAI-COUTRA-WAS-UK7,Size,UK7,Colour,Washed Black,195,,500000000052,850,-22
var_000053,prod_00005,PF-TRAI-COUTRA-WAS-UK8,Size,UK8,Colour,Washed Black,195,,500000000053,850,20
var_000054,prod_00005,PF-TRAI-COUTRA-WAS-UK9,Size,UK9,Colour,Washed Black,195,,500000000054,850,27
var_000055,prod_00005,PF-TRAI-COUTRA-WAS-UK10,Size,UK10,Colour,Washed Black,195,,500000000055,850,23
var_000056,prod_00005,PF-TRAI-COUTRA-WAS-UK11,Size,UK11,Colour,Washed Black,195,,500000000056,850,-30
var_000057,prod_00005,PF-TRAI-COUTRA-WAS-UK12,Size,UK12,Colour,Washed Black,195,,500000000057,850,-32
var_000058,prod_00006,PF-TEE-STATEE-OFF-XS,Size,XS,Colour,Off-White,48,,500000000058,280,-97
var_000059,prod_00006,PF-TEE-STATEE-OFF-S,Size,S,Colour,Off-White,48,,500000000059,280,-12
var_000060,prod_00006,PF-TEE-STATEE-OFF-M,Size,M,Colour,Off-White,48,,500000000060,280,24
var_000061,prod_00006,PF-TEE-STATEE-OFF-L,Size,L,Colour,Off-White,48,,500000000061,280,38
var_000062,prod_00006,PF-TEE-STATEE-OFF-XL,Size,XL,Colour,Off-White,48,,500000000062,280,-2
var_000063,prod_00006,PF-TEE-STATEE-SAG-XS,Size,XS,Colour,Sage,48,,500000000063,280,-60
var_000064,prod_00006,PF-TEE-STATEE-SAG-S,Size,S,Colour,Sage,48,,500000000064,280,-24
var_000065,prod_00006,PF-TEE-STATEE-SAG-M,Size,M,Colour,Sage,48,,500000000065,280,78
var_000066,prod_00006,PF-TEE-STATEE-SAG-L,Size,L,Colour,Sage,48,,500000000066,280,40
var_000067,prod_00006,PF-TEE-STATEE-SAG-XL,Size,XL,Colour,Sage,48,,500000000067,280,8
var_000068,prod_00006,PF-TEE-STATEE-DEE-XS,Size,XS,Colour,Deep Navy,48,,500000000068,280,-98
var_000069,prod_00006,PF-TEE-STATEE-DEE-S,Size,S,Colour,Deep Navy,48,,500000000069,280,-31
var_000070,prod_00006,PF-TEE-STATEE-DEE-M,Size,M,Colour,Deep Navy,48,,500000000070,280,50
var_000071,prod_00006,PF-TEE-STATEE-DEE-L,Size,L,Colour,Deep Navy,48,,500000000071,280,32
var_000072,prod_00006,PF-TEE-STATEE-DEE-XL,Size,XL,Colour,Deep Navy,48,,500000000072,280,9
var_000073,prod_00007,PF-HOOD-RELHOO-FAD-XS,Size,XS,Colour,Faded Olive,160,,500000000073,650,-39
var_000074,prod_00007,PF-HOOD-RELHOO-FAD-S,Size,S,Colour,Faded Olive,160,,500000000074,650,-7
var_000075,prod_00007,PF-HOOD-RELHOO-FAD-M,Size,M,Colour,Faded Olive,160,,500000000075,650,68
var_000076,prod_00007,PF-HOOD-RELHOO-FAD-L,Size,L,Colour,Faded Olive,160,,500000000076,650,55
var_000077,prod_00007,PF-HOOD-RELHOO-FAD-XL,Size,XL,Colour,Faded Olive,160,,500000000077,650,38
var_000078,prod_00007,PF-HOOD-RELHOO-BUR-XS,Size,XS,Colour,Burgundy,160,,500000000078,650,-12
var_000079,prod_00007,PF-HOOD-RELHOO-BUR-S,Size,S,Colour,Burgundy,160,,500000000079,650,26
var_000080,prod_00007,PF-HOOD-RELHOO-BUR-M,Size,M,Colour,Burgundy,160,,500000000080,650,88
var_000081,prod_00007,PF-HOOD-RELHOO-BUR-L,Size,L,Colour,Burgundy,160,,500000000081,650,55
var_000082,prod_00007,PF-HOOD-RELHOO-BUR-XL,Size,XL,Colour,Burgundy,160,,500000000082,650,54
var_000083,prod_00007,PF-HOOD-RELHOO-OFF-XS,Size,XS,Colour,Off-White,160,,500000000083,650,-30
var_000084,prod_00007,PF-HOOD-RELHOO-OFF-S,Size,S,Colour,Off-White,160,,500000000084,650,9
var_000085,prod_00007,PF-HOOD-RELHOO-OFF-M,Size,M,Colour,Off-White,160,,500000000085,650,80
var_000086,prod_00007,PF-HOOD-RELHOO-OFF-L,Size,L,Colour,Off-White,160,,500000000086,650,57
var_000087,prod_00007,PF-HOOD-RELHOO-OFF-XL,Size,XL,Colour,Off-White,160,,500000000087,650,36
var_000088,prod_00008,PF-SWEA-SLISWE-WAS-XS,Size,XS,Colour,Washed Black,140,,500000000088,520,-6
var_000089,prod_00008,PF-SWEA-SLISWE-WAS-S,Size,S,Colour,Washed Black,140,,500000000089,520,24
var_000090,prod_00008,PF-SWEA-SLISWE-WAS-M,Size,M,Colour,Washed Black,140,,500000000090,520,73
var_000091,prod_00008,PF-SWEA-SLISWE-WAS-L,Size,L,Colour,Washed Black,140,,500000000091,520,28
var_000092,prod_00008,PF-SWEA-SLISWE-WAS-XL,Size,XL,Colour,Washed Black,140,,500000000092,520,35
var_000093,prod_00008,PF-SWEA-SLISWE-DEE-XS,Size,XS,Colour,Deep Navy,140,,500000000093,520,-7
var_000094,prod_00008,PF-SWEA-SLISWE-DEE-S,Size,S,Colour,Deep Navy,140,,500000000094,520,11
var_000095,prod_00008,PF-SWEA-SLISWE-DEE-M,Size,M,Colour,Deep Navy,140,,500000000095,520,74
var_000096,prod_00008,PF-SWEA-SLISWE-DEE-L,Size,L,Colour,Deep Navy,140,,500000000096,520,53
var_000097,prod_00008,PF-SWEA-SLISWE-DEE-XL,Size,XL,Colour,Deep Navy,140,,500000000097,520,48
var_000098,prod_00009,PF-TEE-ARCLOG-WAS-XS,Size,XS,Colour,Washed Black,52,,500000000098,280,-223
var_000099,prod_00009,PF-TEE-ARCLOG-WAS-S,Size,S,Colour,Washed Black,52,,500000000099,280,-151
var_000100,prod_00009,PF-TEE-ARCLOG-WAS-M,Size,M,Colour,Washed Black,52,,500000000100,280,-94
var_000101,prod_00009,PF-TEE-ARCLOG-WAS-L,Size,L,Colour,Washed Black,52,,500000000101,280,-90
var_000102,prod_00009,PF-TEE-ARCLOG-WAS-XL,Size,XL,Colour,Washed Black,52,,500000000102,280,-129
var_000103,prod_00009,PF-TEE-ARCLOG-VIN-XS,Size,XS,Colour,Vintage Cream,52,,500000000103,280,-196
var_000104,prod_00009,PF-TEE-ARCLOG-VIN-S,Size,S,Colour,Vintage Cream,52,,500000000104,280,-103
var_000105,prod_00009,PF-TEE-ARCLOG-VIN-M,Size,M,Colour,Vintage Cream,52,,500000000105,280,-85
var_000106,prod_00009,PF-TEE-ARCLOG-VIN-L,Size,L,Colour,Vintage Cream,52,,500000000106,280,-86
var_000107,prod_00009,PF-TEE-ARCLOG-VIN-XL,Size,XL,Colour,Vintage Cream,52,,500000000107,280,-79
var_000108,prod_00010,PF-HOOD-HEAHOO-CHA-XS,Size,XS,Colour,Charcoal,170,,500000000108,650,-88
var_000109,prod_00010,PF-HOOD-HEAHOO-CHA-S,Size,S,Colour,Charcoal,170,,500000000109,650,-65
var_000110,prod_00010,PF-HOOD-HEAHOO-CHA-M,Size,M,Colour,Charcoal,170,,500000000110,650,0
var_000111,prod_00010,PF-HOOD-HEAHOO-CHA-L,Size,L,Colour,Charcoal,170,,500000000111,650,-11
var_000112,prod_00010,PF-HOOD-HEAHOO-CHA-XL,Size,XL,Colour,Charcoal,170,,500000000112,650,-14
var_000113,prod_00010,PF-HOOD-HEAHOO-WAS-XS,Size,XS,Colour,Washed Black,170,,500000000113,650,-89
var_000114,prod_00010,PF-HOOD-HEAHOO-WAS-S,Size,S,Colour,Washed Black,170,,500000000114,650,-29
var_000115,prod_00010,PF-HOOD-HEAHOO-WAS-M,Size,M,Colour,Washed Black,170,,500000000115,650,42
var_000116,prod_00010,PF-HOOD-HEAHOO-WAS-L,Size,L,Colour,Washed Black,170,,500000000116,650,-9
var_000117,prod_00010,PF-HOOD-HEAHOO-WAS-XL,Size,XL,Colour,Washed Black,170,,500000000117,650,-14
var_000118,prod_00011,PF-CAP-SCRCAP-CHA-ONE,Size,ONE,Colour,Charcoal,42,,500000000118,120,-148
var_000119,prod_00011,PF-CAP-SCRCAP-FAD-ONE,Size,ONE,Colour,Faded Olive,42,,500000000119,120,-147
var_000120,prod_00011,PF-CAP-SCRCAP-BUR-ONE,Size,ONE,Colour,Burgundy,42,,500000000120,120,-123
var_000121,prod_00012,PF-TEE-HERTEE-DEE-XS,Size,XS,Colour,Deep Navy,55,,500000000121,280,-68
var_000122,prod_00012,PF-TEE-HERTEE-DEE-S,Size,S,Colour,Deep Navy,55,,500000000122,280,-26
var_000123,prod_00012,PF-TEE-HERTEE-DEE-M,Size,M,Colour,Deep Navy,55,,500000000123,280,59
var_000124,prod_00012,PF-TEE-HERTEE-DEE-L,Size,L,Colour,Deep Navy,55,,500000000124,280,34
var_000125,prod_00012,PF-TEE-HERTEE-DEE-XL,Size,XL,Colour,Deep Navy,55,,500000000125,280,6
var_000126,prod_00012,PF-TEE-HERTEE-WAS-XS,Size,XS,Colour,Washed Black,55,,500000000126,280,-92
var_000127,prod_00012,PF-TEE-HERTEE-WAS-S,Size,S,Colour,Washed Black,55,,500000000127,280,-2
var_000128,prod_00012,PF-TEE-HERTEE-WAS-M,Size,M,Colour,Washed Black,55,,500000000128,280,60
var_000129,prod_00012,PF-TEE-HERTEE-WAS-L,Size,L,Colour,Washed Black,55,,500000000129,280,-1
var_000130,prod_00012,PF-TEE-HERTEE-WAS-XL,Size,XL,Colour,Washed Black,55,,500000000130,280,-11
var_000131,prod_00012,PF-TEE-HERTEE-VIN-XS,Size,XS,Colour,Vintage Cream,55,,500000000131,280,-87
var_000132,prod_00012,PF-TEE-HERTEE-VIN-S,Size,S,Colour,Vintage Cream,55,,500000000132,280,-44
var_000133,prod_00012,PF-TEE-HERTEE-VIN-M,Size,M,Colour,Vintage Cream,55,,500000000133,280,53
var_000134,prod_00012,PF-TEE-HERTEE-VIN-L,Size,L,Colour,Vintage Cream,55,,500000000134,280,1
var_000135,prod_00012,PF-TEE-HERTEE-VIN-XL,Size,XL,Colour,Vintage Cream,55,,500000000135,280,49
var_000136,prod_00013,PF-SWEA-UTISWE-SAG-XS,Size,XS,Colour,Sage,145,,500000000136,520,-23
var_000137,prod_00013,PF-SWEA-UTISWE-SAG-S,Size,S,Colour,Sage,145,,500000000137,520,12
var_000138,prod_00013,PF-SWEA-UTISWE-SAG-M,Size,M,Colour,Sage,145,,500000000138,520,51
var_000139,prod_00013,PF-SWEA-UTISWE-SAG-L,Size,L,Colour,Sage,145,,500000000139,520,59
var_000140,prod_00013,PF-SWEA-UTISWE-SAG-XL,Size,XL,Colour,Sage,145,,500000000140,520,18
var_000141,prod_00013,PF-SWEA-UTISWE-CHA-XS,Size,XS,Colour,Charcoal,145,,500000000141,520,-26
var_000142,prod_00013,PF-SWEA-UTISWE-CHA-S,Size,S,Colour,Charcoal,145,,500000000142,520,1
var_000143,prod_00013,PF-SWEA-UTISWE-CHA-M,Size,M,Colour,Charcoal,145,,500000000143,520,88
var_000144,prod_00013,PF-SWEA-UTISWE-CHA-L,Size,L,Colour,Charcoal,145,,500000000144,520,38
var_000145,prod_00013,PF-SWEA-UTISWE-CHA-XL,Size,XL,Colour,Charcoal,145,,500000000145,520,46
var_000146,prod_00014,PF-CAP-EMBCAP-WAS-ONE,Size,ONE,Colour,Washed Black,48,,500000000146,120,-156
var_000147,prod_00014,PF-CAP-EMBCAP-OFF-ONE,Size,ONE,Colour,Off-White,48,,500000000147,120,-177
var_000148,prod_00014,PF-CAP-EMBCAP-SAG-ONE,Size,ONE,Colour,Sage,48,,500000000148,120,-164
var_000149,prod_00015,PF-HOOD-TRAHOO-WAS-XS,Size,XS,Colour,Washed Black,150,,500000000149,650,-96
var_000150,prod_00015,PF-HOOD-TRAHOO-WAS-S,Size,S,Colour,Washed Black,150,,500000000150,650,-51
var_000151,prod_00015,PF-HOOD-TRAHOO-WAS-M,Size,M,Colour,Washed Black,150,,500000000151,650,-4
var_000152,prod_00015,PF-HOOD-TRAHOO-WAS-L,Size,L,Colour,Washed Black,150,,500000000152,650,-34
var_000153,prod_00015,PF-HOOD-TRAHOO-WAS-XL,Size,XL,Colour,Washed Black,150,,500000000153,650,-51
var_000154,prod_00015,PF-HOOD-TRAHOO-VIN-XS,Size,XS,Colour,Vintage Cream,150,,500000000154,650,-67
var_000155,prod_00015,PF-HOOD-TRAHOO-VIN-S,Size,S,Colour,Vintage Cream,150,,500000000155,650,-54
var_000156,prod_00015,PF-HOOD-TRAHOO-VIN-M,Size,M,Colour,Vintage Cream,150,,500000000156,650,25
var_000157,prod_00015,PF-HOOD-TRAHOO-VIN-L,Size,L,Colour,Vintage Cream,150,,500000000157,650,-18
var_000158,prod_00015,PF-HOOD-TRAHOO-VIN-XL,Size,XL,Colour,Vintage Cream,150,,500000000158,650,-11
var_000159,prod_00016,PF-TEE-WASLOG-VIN-XS,Size,XS,Colour,Vintage Cream,52,,500000000159,280,-82
var_000160,prod_00016,PF-TEE-WASLOG-VIN-S,Size,S,Colour,Vintage Cream,52,,500000000160,280,-25
var_000161,prod_00016,PF-TEE-WASLOG-VIN-M,Size,M,Colour,Vintage Cream,52,,500000000161,280,91
var_000162,prod_00016,PF-TEE-WASLOG-VIN-L,Size,L,Colour,Vintage Cream,52,,500000000162,280,35
var_000163,prod_00016,PF-TEE-WASLOG-VIN-XL,Size,XL,Colour,Vintage Cream,52,,500000000163,280,-2
var_000164,prod_00016,PF-TEE-WASLOG-FAD-XS,Size,XS,Colour,Faded Olive,52,,500000000164,280,-79
var_000165,prod_00016,PF-TEE-WASLOG-FAD-S,Size,S,Colour,Faded Olive,52,,500000000165,280,-37
var_000166,prod_00016,PF-TEE-WASLOG-FAD-M,Size,M,Colour,Faded Olive,52,,500000000166,280,59
var_000167,prod_00016,PF-TEE-WASLOG-FAD-L,Size,L,Colour,Faded Olive,52,,500000000167,280,46
var_000168,prod_00016,PF-TEE-WASLOG-FAD-XL,Size,XL,Colour,Faded Olive,52,,500000000168,280,-16
var_000169,prod_00016,PF-TEE-WASLOG-SAG-XS,Size,XS,Colour,Sage,52,,500000000169,280,-89
var_000170,prod_00016,PF-TEE-WASLOG-SAG-S,Size,S,Colour,Sage,52,,500000000170,280,-19
var_000171,prod_00016,PF-TEE-WASLOG-SAG-M,Size,M,Colour,Sage,52,,500000000171,280,47
var_000172,prod_00016,PF-TEE-WASLOG-SAG-L,Size,L,Colour,Sage,52,,500000000172,280,-4
var_000173,prod_00016,PF-TEE-WASLOG-SAG-XL,Size,XL,Colour,Sage,52,,500000000173,280,32
var_000174,prod_00017,PF-CAP-MESPAN-WAS-ONE,Size,ONE,Colour,Washed Black,44,,500000000174,120,-136
var_000175,prod_00017,PF-CAP-MESPAN-OFF-ONE,Size,ONE,Colour,Off-White,44,,500000000175,120,-126
var_000176,prod_00017,PF-CAP-MESPAN-DEE-ONE,Size,ONE,Colour,Deep Navy,44,,500000000176,120,-126
var_000177,prod_00018,PF-TEE-BOXCRO-WAS-XS,Size,XS,Colour,Washed Black,48,,500000000177,280,-168
var_000178,prod_00018,PF-TEE-BOXCRO-WAS-S,Size,S,Colour,Washed Black,48,,500000000178,280,-98
var_000179,prod_00018,PF-TEE-BOXCRO-WAS-M,Size,M,Colour,Washed Black,48,,500000000179,280,-74
var_000180,prod_00018,PF-TEE-BOXCRO-WAS-L,Size,L,Colour,Washed Black,48,,500000000180,280,-70
var_000181,prod_00018,PF-TEE-BOXCRO-WAS-XL,Size,XL,Colour,Washed Black,48,,500000000181,280,-75
var_000182,prod_00018,PF-TEE-BOXCRO-VIN-XS,Size,XS,Colour,Vintage Cream,48,,500000000182,280,-217
var_000183,prod_00018,PF-TEE-BOXCRO-VIN-S,Size,S,Colour,Vintage Cream,48,,500000000183,280,-133
var_000184,prod_00018,PF-TEE-BOXCRO-VIN-M,Size,M,Colour,Vintage Cream,48,,500000000184,280,-65
var_000185,prod_00018,PF-TEE-BOXCRO-VIN-L,Size,L,Colour,Vintage Cream,48,,500000000185,280,-72
var_000186,prod_00018,PF-TEE-BOXCRO-VIN-XL,Size,XL,Colour,Vintage Cream,48,,500000000186,280,-72
var_000187,prod_00019,PF-TEE-LINBLE-OFF-XS,Size,XS,Colour,Off-White,58,,500000000187,280,-201
var_000188,prod_00019,PF-TEE-LINBLE-OFF-S,Size,S,Colour,Off-White,58,,500000000188,280,-143
var_000189,prod_00019,PF-TEE-LINBLE-OFF-M,Size,M,Colour,Off-White,58,,500000000189,280,-6
var_000190,prod_00019,PF-TEE-LINBLE-OFF-L,Size,L,Colour,Off-White,58,,500000000190,280,-96
var_000191,prod_00019,PF-TEE-LINBLE-OFF-XL,Size,XL,Colour,Off-White,58,,500000000191,280,-87
var_000192,prod_00019,PF-TEE-LINBLE-SAG-XS,Size,XS,Colour,Sage,58,,500000000192,280,-185
var_000193,prod_00019,PF-TEE-LINBLE-SAG-S,Size,S,Colour,Sage,58,,500000000193,280,-139
var_000194,prod_00019,PF-TEE-LINBLE-SAG-M,Size,M,Colour,Sage,58,,500000000194,280,-15
var_000195,prod_00019,PF-TEE-LINBLE-SAG-L,Size,L,Colour,Sage,58,,500000000195,280,-54
var_000196,prod_00019,PF-TEE-LINBLE-SAG-XL,Size,XL,Colour,Sage,58,,500000000196,280,-117
var_000197,prod_00020,PF-HOOD-SUMKNI-FAD-XS,Size,XS,Colour,Faded Olive,145,,500000000197,650,-89
var_000198,prod_00020,PF-HOOD-SUMKNI-FAD-S,Size,S,Colour,Faded Olive,145,,500000000198,650,-43
var_000199,prod_00020,PF-HOOD-SUMKNI-FAD-M,Size,M,Colour,Faded Olive,145,,500000000199,650,8
var_000200,prod_00020,PF-HOOD-SUMKNI-FAD-L,Size,L,Colour,Faded Olive,145,,500000000200,650,3
var_000201,prod_00020,PF-HOOD-SUMKNI-FAD-XL,Size,XL,Colour,Faded Olive,145,,500000000201,650,-10
var_000202,prod_00020,PF-HOOD-SUMKNI-VIN-XS,Size,XS,Colour,Vintage Cream,145,,500000000202,650,-79
var_000203,prod_00020,PF-HOOD-SUMKNI-VIN-S,Size,S,Colour,Vintage Cream,145,,500000000203,650,-46
var_000204,prod_00020,PF-HOOD-SUMKNI-VIN-M,Size,M,Colour,Vintage Cream,145,,500000000204,650,9
var_000205,prod_00020,PF-HOOD-SUMKNI-VIN-L,Size,L,Colour,Vintage Cream,145,,500000000205,650,-12
var_000206,prod_00020,PF-HOOD-SUMKNI-VIN-XL,Size,XL,Colour,Vintage Cream,145,,500000000206,650,-14
var_000207,prod_00021,PF-SWEA-BOASWE-CHA-XS,Size,XS,Colour,Charcoal,130,,500000000207,520,-33
var_000208,prod_00021,PF-SWEA-BOASWE-CHA-S,Size,S,Colour,Charcoal,130,,500000000208,520,11
var_000209,prod_00021,PF-SWEA-BOASWE-CHA-M,Size,M,Colour,Charcoal,130,,500000000209,520,64
var_000210,prod_00021,PF-SWEA-BOASWE-CHA-L,Size,L,Colour,Charcoal,130,,500000000210,520,34
var_000211,prod_00021,PF-SWEA-BOASWE-CHA-XL,Size,XL,Colour,Charcoal,130,,500000000211,520,23
var_000212,prod_00021,PF-SWEA-BOASWE-SAG-XS,Size,XS,Colour,Sage,130,,500000000212,520,-32
var_000213,prod_00021,PF-SWEA-BOASWE-SAG-S,Size,S,Colour,Sage,130,,500000000213,520,27
var_000214,prod_00021,PF-SWEA-BOASWE-SAG-M,Size,M,Colour,Sage,130,,500000000214,520,78
var_000215,prod_00021,PF-SWEA-BOASWE-SAG-L,Size,L,Colour,Sage,130,,500000000215,520,44
var_000216,prod_00021,PF-SWEA-BOASWE-SAG-XL,Size,XL,Colour,Sage,130,,500000000216,520,37
var_000217,prod_00022,PF-HOOD-FLEHOO-WAS-XS,Size,XS,Colour,Washed Black,165,,500000000217,650,-33
var_000218,prod_00022,PF-HOOD-FLEHOO-WAS-S,Size,S,Colour,Washed Black,165,,500000000218,650,6
var_000219,prod_00022,PF-HOOD-FLEHOO-WAS-M,Size,M,Colour,Washed Black,165,,500000000219,650,83
var_000220,prod_00022,PF-HOOD-FLEHOO-WAS-L,Size,L,Colour,Washed Black,165,,500000000220,650,37
var_000221,prod_00022,PF-HOOD-FLEHOO-WAS-XL,Size,XL,Colour,Washed Black,165,,500000000221,650,63
var_000222,prod_00022,PF-HOOD-FLEHOO-BUR-XS,Size,XS,Colour,Burgundy,165,,500000000222,650,-34
var_000223,prod_00022,PF-HOOD-FLEHOO-BUR-S,Size,S,Colour,Burgundy,165,,500000000223,650,7
var_000224,prod_00022,PF-HOOD-FLEHOO-BUR-M,Size,M,Colour,Burgundy,165,,500000000224,650,76
var_000225,prod_00022,PF-HOOD-FLEHOO-BUR-L,Size,L,Colour,Burgundy,165,,500000000225,650,45
var_000226,prod_00022,PF-HOOD-FLEHOO-BUR-XL,Size,XL,Colour,Burgundy,165,,500000000226,650,59
var_000227,prod_00022,PF-HOOD-FLEHOO-DEE-XS,Size,XS,Colour,Deep Navy,165,,500000000227,650,-9
var_000228,prod_00022,PF-HOOD-FLEHOO-DEE-S,Size,S,Colour,Deep Navy,165,,500000000228,650,23
var_000229,prod_00022,PF-HOOD-FLEHOO-DEE-M,Size,M,Colour,Deep Navy,165,,500000000229,650,68
var_000230,prod_00022,PF-HOOD-FLEHOO-DEE-L,Size,L,Colour,Deep Navy,165,,500000000230,650,40
var_000231,prod_00022,PF-HOOD-FLEHOO-DEE-XL,Size,XL,Colour,Deep Navy,165,,500000000231,650,25
var_000232,prod_00023,PF-SWEA-BRUSWE-CHA-XS,Size,XS,Colour,Charcoal,150,,500000000232,520,-3
var_000233,prod_00023,PF-SWEA-BRUSWE-CHA-S,Size,S,Colour,Charcoal,150,,500000000233,520,22
var_000234,prod_00023,PF-SWEA-BRUSWE-CHA-M,Size,M,Colour,Charcoal,150,,500000000234,520,69
var_000235,prod_00023,PF-SWEA-BRUSWE-CHA-L,Size,L,Colour,Charcoal,150,,500000000235,520,28
var_000236,prod_00023,PF-SWEA-BRUSWE-CHA-XL,Size,XL,Colour,Charcoal,150,,500000000236,520,22
var_000237,prod_00023,PF-SWEA-BRUSWE-FAD-XS,Size,XS,Colour,Faded Olive,150,,500000000237,520,-10
var_000238,prod_00023,PF-SWEA-BRUSWE-FAD-S,Size,S,Colour,Faded Olive,150,,500000000238,520,14
var_000239,prod_00023,PF-SWEA-BRUSWE-FAD-M,Size,M,Colour,Faded Olive,150,,500000000239,520,72
var_000240,prod_00023,PF-SWEA-BRUSWE-FAD-L,Size,L,Colour,Faded Olive,150,,500000000240,520,29
var_000241,prod_00023,PF-SWEA-BRUSWE-FAD-XL,Size,XL,Colour,Faded Olive,150,,500000000241,520,38
var_000242,prod_00024,PF-TEE-VARTEE-WAS-XS,Size,XS,Colour,Washed Black,55,,500000000242,280,-72
var_000243,prod_00024,PF-TEE-VARTEE-WAS-S,Size,S,Colour,Washed Black,55,,500000000243,280,-14
var_000244,prod_00024,PF-TEE-VARTEE-WAS-M,Size,M,Colour,Washed Black,55,,500000000244,280,68
var_000245,prod_00024,PF-TEE-VARTEE-WAS-L,Size,L,Colour,Washed Black,55,,500000000245,280,23
var_000246,prod_00024,PF-TEE-VARTEE-WAS-XL,Size,XL,Colour,Washed Black,55,,500000000246,280,2
var_000247,prod_00024,PF-TEE-VARTEE-VIN-XS,Size,XS,Colour,Vintage Cream,55,,500000000247,280,-106
var_000248,prod_00024,PF-TEE-VARTEE-VIN-S,Size,S,Colour,Vintage Cream,55,,500000000248,280,-25
var_000249,prod_00024,PF-TEE-VARTEE-VIN-M,Size,M,Colour,Vintage Cream,55,,500000000249,280,71
var_000250,prod_00024,PF-TEE-VARTEE-VIN-L,Size,L,Colour,Vintage Cream,55,,500000000250,280,-2
var_000251,prod_00024,PF-TEE-VARTEE-VIN-XL,Size,XL,Colour,Vintage Cream,55,,500000000251,280,16
var_000252,prod_00024,PF-TEE-VARTEE-BUR-XS,Size,XS,Colour,Burgundy,55,,500000000252,280,-65
var_000253,prod_00024,PF-TEE-VARTEE-BUR-S,Size,S,Colour,Burgundy,55,,500000000253,280,-39
var_000254,prod_00024,PF-TEE-VARTEE-BUR-M,Size,M,Colour,Burgundy,55,,500000000254,280,49
var_000255,prod_00024,PF-TEE-VARTEE-BUR-L,Size,L,Colour,Burgundy,55,,500000000255,280,15
var_000256,prod_00024,PF-TEE-VARTEE-BUR-XL,Size,XL,Colour,Burgundy,55,,500000000256,280,47
var_000257,prod_00025,PF-CAP-WOOBLE-CHA-ONE,Size,ONE,Colour,Charcoal,52,,500000000257,120,-126
var_000258,prod_00025,PF-CAP-WOOBLE-DEE-ONE,Size,ONE,Colour,Deep Navy,52,,500000000258,120,-105
var_000259,prod_00025,PF-CAP-WOOBLE-BUR-ONE,Size,ONE,Colour,Burgundy,52,,500000000259,120,-119
var_000260,prod_00026,PF-TRAI-MIDRUN-CHA-UK6,Size,UK6,Colour,Charcoal,210,,500000000260,850,-23
var_000261,prod_00026,PF-TRAI-MIDRUN-CHA-UK7,Size,UK7,Colour,Charcoal,210,,500000000261,850,-27
var_000262,prod_00026,PF-TRAI-MIDRUN-CHA-UK8,Size,UK8,Colour,Charcoal,210,,500000000262,850,17
var_000263,prod_00026,PF-TRAI-MIDRUN-CHA-UK9,Size,UK9,Colour,Charcoal,210,,500000000263,850,6
var_000264,prod_00026,PF-TRAI-MIDRUN-CHA-UK10,Size,UK10,Colour,Charcoal,210,,500000000264,850,4
var_000265,prod_00026,PF-TRAI-MIDRUN-CHA-UK11,Size,UK11,Colour,Charcoal,210,,500000000265,850,-32
var_000266,prod_00026,PF-TRAI-MIDRUN-CHA-UK12,Size,UK12,Colour,Charcoal,210,,500000000266,850,-25
var_000267,prod_00026,PF-TRAI-MIDRUN-OFF-UK6,Size,UK6,Colour,Off-White,210,,500000000267,850,-18
var_000268,prod_00026,PF-TRAI-MIDRUN-OFF-UK7,Size,UK7,Colour,Off-White,210,,500000000268,850,-20
var_000269,prod_00026,PF-TRAI-MIDRUN-OFF-UK8,Size,UK8,Colour,Off-White,210,,500000000269,850,13
var_000270,prod_00026,PF-TRAI-MIDRUN-OFF-UK9,Size,UK9,Colour,Off-White,210,,500000000270,850,24
var_000271,prod_00026,PF-TRAI-MIDRUN-OFF-UK10,Size,UK10,Colour,Off-White,210,,500000000271,850,-5
var_000272,prod_00026,PF-TRAI-MIDRUN-OFF-UK11,Size,UK11,Colour,Off-White,210,,500000000272,850,-10
var_000273,prod_00026,PF-TRAI-MIDRUN-OFF-UK12,Size,UK12,Colour,Off-White,210,,500000000273,850,-9
var_000274,prod_00027,PF-OUTE-QUIOVE-FAD-XS,Size,XS,Colour,Faded Olive,225,,500000000274,900,-51
var_000275,prod_00027,PF-OUTE-QUIOVE-FAD-S,Size,S,Colour,Faded Olive,225,,500000000275,900,-33
var_000276,prod_00027,PF-OUTE-QUIOVE-FAD-M,Size,M,Colour,Faded Olive,225,,500000000276,900,-36
var_000277,prod_00027,PF-OUTE-QUIOVE-FAD-L,Size,L,Colour,Faded Olive,225,,500000000277,900,-26
var_000278,prod_00027,PF-OUTE-QUIOVE-FAD-XL,Size,XL,Colour,Faded Olive,225,,500000000278,900,-4
var_000279,prod_00027,PF-OUTE-QUIOVE-WAS-XS,Size,XS,Colour,Washed Black,225,,500000000279,900,-55
var_000280,prod_00027,PF-OUTE-QUIOVE-WAS-S,Size,S,Colour,Washed Black,225,,500000000280,900,-47
var_000281,prod_00027,PF-OUTE-QUIOVE-WAS-M,Size,M,Colour,Washed Black,225,,500000000281,900,-8
var_000282,prod_00027,PF-OUTE-QUIOVE-WAS-L,Size,L,Colour,Washed Black,225,,500000000282,900,-16
var_000283,prod_00027,PF-OUTE-QUIOVE-WAS-XL,Size,XL,Colour,Washed Black,225,,500000000283,900,-30
var_000284,prod_00028,PF-OUTE-PUFJAC-WAS-XS,Size,XS,Colour,Washed Black,295,,500000000284,900,-33
var_000285,prod_00028,PF-OUTE-PUFJAC-WAS-S,Size,S,Colour,Washed Black,295,,500000000285,900,-36
var_000286,prod_00028,PF-OUTE-PUFJAC-WAS-M,Size,M,Colour,Washed Black,295,,500000000286,900,-14
var_000287,prod_00028,PF-OUTE-PUFJAC-WAS-L,Size,L,Colour,Washed Black,295,,500000000287,900,-17
var_000288,prod_00028,PF-OUTE-PUFJAC-WAS-XL,Size,XL,Colour,Washed Black,295,,500000000288,900,-5
var_000289,prod_00028,PF-OUTE-PUFJAC-DEE-XS,Size,XS,Colour,Deep Navy,295,,500000000289,900,-50
var_000290,prod_00028,PF-OUTE-PUFJAC-DEE-S,Size,S,Colour,Deep Navy,295,,500000000290,900,-19
var_000291,prod_00028,PF-OUTE-PUFJAC-DEE-M,Size,M,Colour,Deep Navy,295,,500000000291,900,4
var_000292,prod_00028,PF-OUTE-PUFJAC-DEE-L,Size,L,Colour,Deep Navy,295,,500000000292,900,-13
var_000293,prod_00028,PF-OUTE-PUFJAC-DEE-XL,Size,XL,Colour,Deep Navy,295,,500000000293,900,-5
var_000294,prod_00029,PF-HOOD-SHEHOO-CHA-XS,Size,XS,Colour,Charcoal,175,,500000000294,650,-38
var_000295,prod_00029,PF-HOOD-SHEHOO-CHA-S,Size,S,Colour,Charcoal,175,,500000000295,650,-25
var_000296,prod_00029,PF-HOOD-SHEHOO-CHA-M,Size,M,Colour,Charcoal,175,,500000000296,650,32
var_000297,prod_00029,PF-HOOD-SHEHOO-CHA-L,Size,L,Colour,Charcoal,175,,500000000297,650,-6
var_000298,prod_00029,PF-HOOD-SHEHOO-CHA-XL,Size,XL,Colour,Charcoal,175,,500000000298,650,-1
var_000299,prod_00029,PF-HOOD-SHEHOO-VIN-XS,Size,XS,Colour,Vintage Cream,175,,500000000299,650,-66
var_000300,prod_00029,PF-HOOD-SHEHOO-VIN-S,Size,S,Colour,Vintage Cream,175,,500000000300,650,-17
var_000301,prod_00029,PF-HOOD-SHEHOO-VIN-M,Size,M,Colour,Vintage Cream,175,,500000000301,650,24
var_000302,prod_00029,PF-HOOD-SHEHOO-VIN-L,Size,L,Colour,Vintage Cream,175,,500000000302,650,4
var_000303,prod_00029,PF-HOOD-SHEHOO-VIN-XL,Size,XL,Colour,Vintage Cream,175,,500000000303,650,-7
var_000304,prod_00030,PF-SWEA-THESWE-WAS-XS,Size,XS,Colour,Washed Black,155,,500000000304,520,-26
var_000305,prod_00030,PF-SWEA-THESWE-WAS-S,Size,S,Colour,Washed Black,155,,500000000305,520,7
var_000306,prod_00030,PF-SWEA-THESWE-WAS-M,Size,M,Colour,Washed Black,155,,500000000306,520,61
var_000307,prod_00030,PF-SWEA-THESWE-WAS-L,Size,L,Colour,Washed Black,155,,500000000307,520,36
var_000308,prod_00030,PF-SWEA-THESWE-WAS-XL,Size,XL,Colour,Washed Black,155,,500000000308,520,39
var_000309,prod_00030,PF-SWEA-THESWE-CHA-XS,Size,XS,Colour,Charcoal,155,,500000000309,520,-12
var_000310,prod_00030,PF-SWEA-THESWE-CHA-S,Size,S,Colour,Charcoal,155,,500000000310,520,26
var_000311,prod_00030,PF-SWEA-THESWE-CHA-M,Size,M,Colour,Charcoal,155,,500000000311,520,53
var_000312,prod_00030,PF-SWEA-THESWE-CHA-L,Size,L,Colour,Charcoal,155,,500000000312,520,37
var_000313,prod_00030,PF-SWEA-THESWE-CHA-XL,Size,XL,Colour,Charcoal,155,,500000000313,520,38
var_000314,prod_00031,PF-TEE-WINLOG-DEE-XS,Size,XS,Colour,Deep Navy,50,,500000000314,280,-123
var_000315,prod_00031,PF-TEE-WINLOG-DEE-S,Size,S,Colour,Deep Navy,50,,500000000315,280,-96
var_000316,prod_00031,PF-TEE-WINLOG-DEE-M,Size,M,Colour,Deep Navy,50,,500000000316,280,-38
var_000317,prod_00031,PF-TEE-WINLOG-DEE-L,Size,L,Colour,Deep Navy,50,,500000000317,280,-75
var_000318,prod_00031,PF-TEE-WINLOG-DEE-XL,Size,XL,Colour,Deep Navy,50,,500000000318,280,-63
var_000319,prod_00031,PF-TEE-WINLOG-BUR-XS,Size,XS,Colour,Burgundy,50,,500000000319,280,-168
var_000320,prod_00031,PF-TEE-WINLOG-BUR-S,Size,S,Colour,Burgundy,50,,500000000320,280,-89
var_000321,prod_00031,PF-TEE-WINLOG-BUR-M,Size,M,Colour,Burgundy,50,,500000000321,280,-35
var_000322,prod_00031,PF-TEE-WINLOG-BUR-L,Size,L,Colour,Burgundy,50,,500000000322,280,-34
var_000323,prod_00031,PF-TEE-WINLOG-BUR-XL,Size,XL,Colour,Burgundy,50,,500000000323,280,-84
var_000324,prod_00032,PF-TEE-GARDYE-SAG-XS,Size,XS,Colour,Sage,55,,500000000324,280,-48
var_000325,prod_00032,PF-TEE-GARDYE-SAG-S,Size,S,Colour,Sage,55,,500000000325,280,-5
var_000326,prod_00032,PF-TEE-GARDYE-SAG-M,Size,M,Colour,Sage,55,,500000000326,280,67
var_000327,prod_00032,PF-TEE-GARDYE-SAG-L,Size,L,Colour,Sage,55,,500000000327,280,36
var_000328,prod_00032,PF-TEE-GARDYE-SAG-XL,Size,XL,Colour,Sage,55,,500000000328,280,23
var_000329,prod_00032,PF-TEE-GARDYE-VIN-XS,Size,XS,Colour,Vintage Cream,55,,500000000329,280,-28
var_000330,prod_00032,PF-TEE-GARDYE-VIN-S,Size,S,Colour,Vintage Cream,55,,500000000330,280,14
var_000331,prod_00032,PF-TEE-GARDYE-VIN-M,Size,M,Colour,Vintage Cream,55,,500000000331,280,38
var_000332,prod_00032,PF-TEE-GARDYE-VIN-L,Size,L,Colour,Vintage Cream,55,,500000000332,280,27
var_000333,prod_00032,PF-TEE-GARDYE-VIN-XL,Size,XL,Colour,Vintage Cream,55,,500000000333,280,48
var_000334,prod_00032,PF-TEE-GARDYE-FAD-XS,Size,XS,Colour,Faded Olive,55,,500000000334,280,-33
var_000335,prod_00032,PF-TEE-GARDYE-FAD-S,Size,S,Colour,Faded Olive,55,,500000000335,280,-25
var_000336,prod_00032,PF-TEE-GARDYE-FAD-M,Size,M,Colour,Faded Olive,55,,500000000336,280,57
var_000337,prod_00032,PF-TEE-GARDYE-FAD-L,Size,L,Colour,Faded Olive,55,,500000000337,280,9
var_000338,prod_00032,PF-TEE-GARDYE-FAD-XL,Size,XL,Colour,Faded Olive,55,,500000000338,280,26
var_000339,prod_00033,PF-HOOD-ZIPHOO-WAS-XS,Size,XS,Colour,Washed Black,165,,500000000339,650,-2
var_000340,prod_00033,PF-HOOD-ZIPHOO-WAS-S,Size,S,Colour,Washed Black,165,,500000000340,650,29
var_000341,prod_00033,PF-HOOD-ZIPHOO-WAS-M,Size,M,Colour,Washed Black,165,,500000000341,650,50
var_000342,prod_00033,PF-HOOD-ZIPHOO-WAS-L,Size,L,Colour,Washed Black,165,,500000000342,650,42
var_000343,prod_00033,PF-HOOD-ZIPHOO-WAS-XL,Size,XL,Colour,Washed Black,165,,500000000343,650,26
var_000344,prod_00033,PF-HOOD-ZIPHOO-CHA-XS,Size,XS,Colour,Charcoal,165,,500000000344,650,-14
var_000345,prod_00033,PF-HOOD-ZIPHOO-CHA-S,Size,S,Colour,Charcoal,165,,500000000345,650,26
var_000346,prod_00033,PF-HOOD-ZIPHOO-CHA-M,Size,M,Colour,Charcoal,165,,500000000346,650,45
var_000347,prod_00033,PF-HOOD-ZIPHOO-CHA-L,Size,L,Colour,Charcoal,165,,500000000347,650,48
var_000348,prod_00033,PF-HOOD-ZIPHOO-CHA-XL,Size,XL,Colour,Charcoal,165,,500000000348,650,35
var_000349,prod_00033,PF-HOOD-ZIPHOO-OFF-XS,Size,XS,Colour,Off-White,165,,500000000349,650,-14
var_000350,prod_00033,PF-HOOD-ZIPHOO-OFF-S,Size,S,Colour,Off-White,165,,500000000350,650,15
var_000351,prod_00033,PF-HOOD-ZIPHOO-OFF-M,Size,M,Colour,Off-White,165,,500000000351,650,61
var_000352,prod_00033,PF-HOOD-ZIPHOO-OFF-L,Size,L,Colour,Off-White,165,,500000000352,650,34
var_000353,prod_00033,PF-HOOD-ZIPHOO-OFF-XL,Size,XL,Colour,Off-White,165,,500000000353,650,42
var_000354,prod_00034,PF-SWEA-CROSWE-FAD-XS,Size,XS,Colour,Faded Olive,135,,500000000354,520,0
var_000355,prod_00034,PF-SWEA-CROSWE-FAD-S,Size,S,Colour,Faded Olive,135,,500000000355,520,13
var_000356,prod_00034,PF-SWEA-CROSWE-FAD-M,Size,M,Colour,Faded Olive,135,,500000000356,520,48
var_000357,prod_00034,PF-SWEA-CROSWE-FAD-L,Size,L,Colour,Faded Olive,135,,500000000357,520,38
var_000358,prod_00034,PF-SWEA-CROSWE-FAD-XL,Size,XL,Colour,Faded Olive,135,,500000000358,520,39
var_000359,prod_00034,PF-SWEA-CROSWE-SAG-XS,Size,XS,Colour,Sage,135,,500000000359,520,-16
var_000360,prod_00034,PF-SWEA-CROSWE-SAG-S,Size,S,Colour,Sage,135,,500000000360,520,20
var_000361,prod_00034,PF-SWEA-CROSWE-SAG-M,Size,M,Colour,Sage,135,,500000000361,520,55
var_000362,prod_00034,PF-SWEA-CROSWE-SAG-L,Size,L,Colour,Sage,135,,500000000362,520,41
var_000363,prod_00034,PF-SWEA-CROSWE-SAG-XL,Size,XL,Colour,Sage,135,,500000000363,520,46
var_000364,prod_00035,PF-CAP-CORCAP-BUR-ONE,Size,ONE,Colour,Burgundy,46,,500000000364,120,-76
var_000365,prod_00035,PF-CAP-CORCAP-SAG-ONE,Size,ONE,Colour,Sage,46,,500000000365,120,-91
var_000366,prod_00035,PF-CAP-CORCAP-CHA-ONE,Size,ONE,Colour,Charcoal,46,,500000000366,120,-94
var_000367,prod_00036,PF-TRAI-CANTRA-OFF-UK6,Size,UK6,Colour,Off-White,185,,500000000367,850,-3
var_000368,prod_00036,PF-TRAI-CANTRA-OFF-UK7,Size,UK7,Colour,Off-White,185,,500000000368,850,-9
var_000369,prod_00036,PF-TRAI-CANTRA-OFF-UK8,Size,UK8,Colour,Off-White,185,,500000000369,850,6
var_000370,prod_00036,PF-TRAI-CANTRA-OFF-UK9,Size,UK9,Colour,Off-White,185,,500000000370,850,20
var_000371,prod_00036,PF-TRAI-CANTRA-OFF-UK10,Size,UK10,Colour,Off-White,185,,500000000371,850,33
var_000372,prod_00036,PF-TRAI-CANTRA-OFF-UK11,Size,UK11,Colour,Off-White,185,,500000000372,850,-3
var_000373,prod_00036,PF-TRAI-CANTRA-OFF-UK12,Size,UK12,Colour,Off-White,185,,500000000373,850,-5
var_000374,prod_00036,PF-TRAI-CANTRA-SAG-UK6,Size,UK6,Colour,Sage,185,,500000000374,850,-14
var_000375,prod_00036,PF-TRAI-CANTRA-SAG-UK7,Size,UK7,Colour,Sage,185,,500000000375,850,-13
var_000376,prod_00036,PF-TRAI-CANTRA-SAG-UK8,Size,UK8,Colour,Sage,185,,500000000376,850,27
var_000377,prod_00036,PF-TRAI-CANTRA-SAG-UK9,Size,UK9,Colour,Sage,185,,500000000377,850,21
var_000378,prod_00036,PF-TRAI-CANTRA-SAG-UK10,Size,UK10,Colour,Sage,185,,500000000378,850,17
var_000379,prod_00036,PF-TRAI-CANTRA-SAG-UK11,Size,UK11,Colour,Sage,185,,500000000379,850,-12
var_000380,prod_00036,PF-TRAI-CANTRA-SAG-UK12,Size,UK12,Colour,Sage,185,,500000000380,850,-10
var_000381,prod_00037,PF-TEE-RESTEE-OFF-XS,Size,XS,Colour,Off-White,52,,500000000381,280,-57
var_000382,prod_00037,PF-TEE-RESTEE-OFF-S,Size,S,Colour,Off-White,52,,500000000382,280,-19
var_000383,prod_00037,PF-TEE-RESTEE-OFF-M,Size,M,Colour,Off-White,52,,500000000383,280,11
var_000384,prod_00037,PF-TEE-RESTEE-OFF-L,Size,L,Colour,Off-White,52,,500000000384,280,10
var_000385,prod_00037,PF-TEE-RESTEE-OFF-XL,Size,XL,Colour,Off-White,52,,500000000385,280,-27
var_000386,prod_00037,PF-TEE-RESTEE-VIN-XS,Size,XS,Colour,Vintage Cream,52,,500000000386,280,-78
var_000387,prod_00037,PF-TEE-RESTEE-VIN-S,Size,S,Colour,Vintage Cream,52,,500000000387,280,-36
var_000388,prod_00037,PF-TEE-RESTEE-VIN-M,Size,M,Colour,Vintage Cream,52,,500000000388,280,5
var_000389,prod_00037,PF-TEE-RESTEE-VIN-L,Size,L,Colour,Vintage Cream,52,,500000000389,280,-6
var_000390,prod_00037,PF-TEE-RESTEE-VIN-XL,Size,XL,Colour,Vintage Cream,52,,500000000390,280,-16
var_000391,prod_00038,PF-HOOD-OPEKNI-SAG-XS,Size,XS,Colour,Sage,148,,500000000391,650,-22
var_000392,prod_00038,PF-HOOD-OPEKNI-SAG-S,Size,S,Colour,Sage,148,,500000000392,650,-8
var_000393,prod_00038,PF-HOOD-OPEKNI-SAG-M,Size,M,Colour,Sage,148,,500000000393,650,20
var_000394,prod_00038,PF-HOOD-OPEKNI-SAG-L,Size,L,Colour,Sage,148,,500000000394,650,7
var_000395,prod_00038,PF-HOOD-OPEKNI-SAG-XL,Size,XL,Colour,Sage,148,,500000000395,650,11
var_000396,prod_00038,PF-HOOD-OPEKNI-FAD-XS,Size,XS,Colour,Faded Olive,148,,500000000396,650,-39
var_000397,prod_00038,PF-HOOD-OPEKNI-FAD-S,Size,S,Colour,Faded Olive,148,,500000000397,650,5
var_000398,prod_00038,PF-HOOD-OPEKNI-FAD-M,Size,M,Colour,Faded Olive,148,,500000000398,650,24
var_000399,prod_00038,PF-HOOD-OPEKNI-FAD-L,Size,L,Colour,Faded Olive,148,,500000000399,650,4
var_000400,prod_00038,PF-HOOD-OPEKNI-FAD-XL,Size,XL,Colour,Faded Olive,148,,500000000400,650,12
var_000401,prod_00039,PF-TRAI-TECRUN-WAS-UK6,Size,UK6,Colour,Washed Black,220,,500000000401,850,1
var_000402,prod_00039,PF-TRAI-TECRUN-WAS-UK7,Size,UK7,Colour,Washed Black,220,,500000000402,850,-7
var_000403,prod_00039,PF-TRAI-TECRUN-WAS-UK8,Size,UK8,Colour,Washed Black,220,,500000000403,850,22
var_000404,prod_00039,PF-TRAI-TECRUN-WAS-UK9,Size,UK9,Colour,Washed Black,220,,500000000404,850,18
var_000405,prod_00039,PF-TRAI-TECRUN-WAS-UK10,Size,UK10,Colour,Washed Black,220,,500000000405,850,16
var_000406,prod_00039,PF-TRAI-TECRUN-WAS-UK11,Size,UK11,Colour,Washed Black,220,,500000000406,850,-3
var_000407,prod_00039,PF-TRAI-TECRUN-WAS-UK12,Size,UK12,Colour,Washed Black,220,,500000000407,850,-5
var_000408,prod_00039,PF-TRAI-TECRUN-OFF-UK6,Size,UK6,Colour,Off-White,220,,500000000408,850,-9
var_000409,prod_00039,PF-TRAI-TECRUN-OFF-UK7,Size,UK7,Colour,Off-White,220,,500000000409,850,-7
var_000410,prod_00039,PF-TRAI-TECRUN-OFF-UK8,Size,UK8,Colour,Off-White,220,,500000000410,850,22
var_000411,prod_00039,PF-TRAI-TECRUN-OFF-UK9,Size,UK9,Colour,Off-White,220,,500000000411,850,19
var_000412,prod_00039,PF-TRAI-TECRUN-OFF-UK10,Size,UK10,Colour,Off-White,220,,500000000412,850,14
var_000413,prod_00039,PF-TRAI-TECRUN-OFF-UK11,Size,UK11,Colour,Off-White,220,,500000000413,850,-8
var_000414,prod_00039,PF-TRAI-TECRUN-OFF-UK12,Size,UK12,Colour,Off-White,220,,500000000414,850,0
var_000415,prod_00040,PF-TEE-PIGDYE-CHA-XS,Size,XS,Colour,Charcoal,56,,500000000415,280,-18
var_000416,prod_00040,PF-TEE-PIGDYE-CHA-S,Size,S,Colour,Charcoal,56,,500000000416,280,-7
var_000417,prod_00040,PF-TEE-PIGDYE-CHA-M,Size,M,Colour,Charcoal,56,,500000000417,280,62
var_000418,prod_00040,PF-TEE-PIGDYE-CHA-L,Size,L,Colour,Charcoal,56,,500000000418,280,18
var_000419,prod_00040,PF-TEE-PIGDYE-CHA-XL,Size,XL,Colour,Charcoal,56,,500000000419,280,39
var_000420,prod_00040,PF-TEE-PIGDYE-BUR-XS,Size,XS,Colour,Burgundy,56,,500000000420,280,-39
var_000421,prod_00040,PF-TEE-PIGDYE-BUR-S,Size,S,Colour,Burgundy,56,,500000000421,280,8
var_000422,prod_00040,PF-TEE-PIGDYE-BUR-M,Size,M,Colour,Burgundy,56,,500000000422,280,27
var_000423,prod_00040,PF-TEE-PIGDYE-BUR-L,Size,L,Colour,Burgundy,56,,500000000423,280,25
var_000424,prod_00040,PF-TEE-PIGDYE-BUR-XL,Size,XL,Colour,Burgundy,56,,500000000424,280,19
var_000425,prod_00040,PF-TEE-PIGDYE-SAG-XS,Size,XS,Colour,Sage,56,,500000000425,280,-37
var_000426,prod_00040,PF-TEE-PIGDYE-SAG-S,Size,S,Colour,Sage,56,,500000000426,280,-11
var_000427,prod_00040,PF-TEE-PIGDYE-SAG-M,Size,M,Colour,Sage,56,,500000000427,280,57
var_000428,prod_00040,PF-TEE-PIGDYE-SAG-L,Size,L,Colour,Sage,56,,500000000428,280,21
var_000429,prod_00040,PF-TEE-PIGDYE-SAG-XL,Size,XL,Colour,Sage,56,,500000000429,280,28
var_000430,prod_00041,PF-HOOD-HEAFLE-WAS-XS,Size,XS,Colour,Washed Black,172,,500000000430,650,-2
var_000431,prod_00041,PF-HOOD-HEAFLE-WAS-S,Size,S,Colour,Washed Black,172,,500000000431,650,6
var_000432,prod_00041,PF-HOOD-HEAFLE-WAS-M,Size,M,Colour,Washed Black,172,,500000000432,650,34
var_000433,prod_00041,PF-HOOD-HEAFLE-WAS-L,Size,L,Colour,Washed Black,172,,500000000433,650,16
var_000434,prod_00041,PF-HOOD-HEAFLE-WAS-XL,Size,XL,Colour,Washed Black,172,,500000000434,650,20
var_000435,prod_00041,PF-HOOD-HEAFLE-DEE-XS,Size,XS,Colour,Deep Navy,172,,500000000435,650,-15
var_000436,prod_00041,PF-HOOD-HEAFLE-DEE-S,Size,S,Colour,Deep Navy,172,,500000000436,650,12
var_000437,prod_00041,PF-HOOD-HEAFLE-DEE-M,Size,M,Colour,Deep Navy,172,,500000000437,650,37
var_000438,prod_00041,PF-HOOD-HEAFLE-DEE-L,Size,L,Colour,Deep Navy,172,,500000000438,650,17
var_000439,prod_00041,PF-HOOD-HEAFLE-DEE-XL,Size,XL,Colour,Deep Navy,172,,500000000439,650,24
var_000440,prod_00041,PF-HOOD-HEAFLE-BUR-XS,Size,XS,Colour,Burgundy,172,,500000000440,650,-21
var_000441,prod_00041,PF-HOOD-HEAFLE-BUR-S,Size,S,Colour,Burgundy,172,,500000000441,650,10
var_000442,prod_00041,PF-HOOD-HEAFLE-BUR-M,Size,M,Colour,Burgundy,172,,500000000442,650,35
var_000443,prod_00041,PF-HOOD-HEAFLE-BUR-L,Size,L,Colour,Burgundy,172,,500000000443,650,29
var_000444,prod_00041,PF-HOOD-HEAFLE-BUR-XL,Size,XL,Colour,Burgundy,172,,500000000444,650,21
var_000445,prod_00042,PF-SWEA-CARSWE-WAS-XS,Size,XS,Colour,Washed Black,155,,500000000445,520,-5
var_000446,prod_00042,PF-SWEA-CARSWE-WAS-S,Size,S,Colour,Washed Black,155,,500000000446,520,16
var_000447,prod_00042,PF-SWEA-CARSWE-WAS-M,Size,M,Colour,Washed Black,155,,500000000447,520,34
var_000448,prod_00042,PF-SWEA-CARSWE-WAS-L,Size,L,Colour,Washed Black,155,,500000000448,520,32
var_000449,prod_00042,PF-SWEA-CARSWE-WAS-XL,Size,XL,Colour,Washed Black,155,,500000000449,520,19
var_000450,prod_00042,PF-SWEA-CARSWE-FAD-XS,Size,XS,Colour,Faded Olive,155,,500000000450,520,-8
var_000451,prod_00042,PF-SWEA-CARSWE-FAD-S,Size,S,Colour,Faded Olive,155,,500000000451,520,7
var_000452,prod_00042,PF-SWEA-CARSWE-FAD-M,Size,M,Colour,Faded Olive,155,,500000000452,520,33
var_000453,prod_00042,PF-SWEA-CARSWE-FAD-L,Size,L,Colour,Faded Olive,155,,500000000453,520,15
var_000454,prod_00042,PF-SWEA-CARSWE-FAD-XL,Size,XL,Colour,Faded Olive,155,,500000000454,520,23
var_000455,prod_00043,PF-TEE-VINWAS-VIN-XS,Size,XS,Colour,Vintage Cream,54,,500000000455,280,-16
var_000456,prod_00043,PF-TEE-VINWAS-VIN-S,Size,S,Colour,Vintage Cream,54,,500000000456,280,-6
var_000457,prod_00043,PF-TEE-VINWAS-VIN-M,Size,M,Colour,Vintage Cream,54,,500000000457,280,31
var_000458,prod_00043,PF-TEE-VINWAS-VIN-L,Size,L,Colour,Vintage Cream,54,,500000000458,280,27
var_000459,prod_00043,PF-TEE-VINWAS-VIN-XL,Size,XL,Colour,Vintage Cream,54,,500000000459,280,11
var_000460,prod_00043,PF-TEE-VINWAS-CHA-XS,Size,XS,Colour,Charcoal,54,,500000000460,280,-20
var_000461,prod_00043,PF-TEE-VINWAS-CHA-S,Size,S,Colour,Charcoal,54,,500000000461,280,12
var_000462,prod_00043,PF-TEE-VINWAS-CHA-M,Size,M,Colour,Charcoal,54,,500000000462,280,55
var_000463,prod_00043,PF-TEE-VINWAS-CHA-L,Size,L,Colour,Charcoal,54,,500000000463,280,11
var_000464,prod_00043,PF-TEE-VINWAS-CHA-XL,Size,XL,Colour,Charcoal,54,,500000000464,280,15
var_000465,prod_00043,PF-TEE-VINWAS-SAG-XS,Size,XS,Colour,Sage,54,,500000000465,280,-29
var_000466,prod_00043,PF-TEE-VINWAS-SAG-S,Size,S,Colour,Sage,54,,500000000466,280,-14
var_000467,prod_00043,PF-TEE-VINWAS-SAG-M,Size,M,Colour,Sage,54,,500000000467,280,18
var_000468,prod_00043,PF-TEE-VINWAS-SAG-L,Size,L,Colour,Sage,54,,500000000468,280,2
var_000469,prod_00043,PF-TEE-VINWAS-SAG-XL,Size,XL,Colour,Sage,54,,500000000469,280,17
var_000470,prod_00044,PF-OUTE-WOOOVE-CHA-XS,Size,XS,Colour,Charcoal,345,,500000000470,900,-13
var_000471,prod_00044,PF-OUTE-WOOOVE-CHA-S,Size,S,Colour,Charcoal,345,,500000000471,900,4
var_000472,prod_00044,PF-OUTE-WOOOVE-CHA-M,Size,M,Colour,Charcoal,345,,500000000472,900,1
var_000473,prod_00044,PF-OUTE-WOOOVE-CHA-L,Size,L,Colour,Charcoal,345,,500000000473,900,-11
var_000474,prod_00044,PF-OUTE-WOOOVE-CHA-XL,Size,XL,Colour,Charcoal,345,,500000000474,900,3
var_000475,prod_00044,PF-OUTE-WOOOVE-DEE-XS,Size,XS,Colour,Deep Navy,345,,500000000475,900,-11
var_000476,prod_00044,PF-OUTE-WOOOVE-DEE-S,Size,S,Colour,Deep Navy,345,,500000000476,900,-11
var_000477,prod_00044,PF-OUTE-WOOOVE-DEE-M,Size,M,Colour,Deep Navy,345,,500000000477,900,0
var_000478,prod_00044,PF-OUTE-WOOOVE-DEE-L,Size,L,Colour,Deep Navy,345,,500000000478,900,8
var_000479,prod_00044,PF-OUTE-WOOOVE-DEE-XL,Size,XL,Colour,Deep Navy,345,,500000000479,900,3
var_000480,prod_00045,PF-CAP-STRCAP-WAS-ONE,Size,ONE,Colour,Washed Black,50,,500000000480,120,-60
var_000481,prod_00045,PF-CAP-STRCAP-CHA-ONE,Size,ONE,Colour,Charcoal,50,,500000000481,120,-48
var_000482,prod_00045,PF-CAP-STRCAP-OFF-ONE,Size,ONE,Colour,Off-White,50,,500000000482,120,-35
var_000483,prod_00046,PF-W-TEE-ESSREL-VIN-XS,Size,XS,Colour,Vintage Cream,48,,500000000483,280,-9
var_000484,prod_00046,PF-W-TEE-ESSREL-VIN-S,Size,S,Colour,Vintage Cream,48,,500000000484,280,-7
var_000485,prod_00046,PF-W-TEE-ESSREL-VIN-M,Size,M,Colour,Vintage Cream,48,,500000000485,280,14
var_000486,prod_00046,PF-W-TEE-ESSREL-VIN-L,Size,L,Colour,Vintage Cream,48,,500000000486,280,3
var_000487,prod_00046,PF-W-TEE-ESSREL-WAS-XS,Size,XS,Colour,Washed Black,48,,500000000487,280,-16
var_000488,prod_00046,PF-W-TEE-ESSREL-WAS-S,Size,S,Colour,Washed Black,48,,500000000488,280,9
var_000489,prod_00046,PF-W-TEE-ESSREL-WAS-M,Size,M,Colour,Washed Black,48,,500000000489,280,27
var_000490,prod_00046,PF-W-TEE-ESSREL-WAS-L,Size,L,Colour,Washed Black,48,,500000000490,280,10
var_000491,prod_00046,PF-W-TEE-ESSREL-SAG-XS,Size,XS,Colour,Sage,48,,500000000491,280,-27
var_000492,prod_00046,PF-W-TEE-ESSREL-SAG-S,Size,S,Colour,Sage,48,,500000000492,280,-2
var_000493,prod_00046,PF-W-TEE-ESSREL-SAG-M,Size,M,Colour,Sage,48,,500000000493,280,27
var_000494,prod_00046,PF-W-TEE-ESSREL-SAG-L,Size,L,Colour,Sage,48,,500000000494,280,13
var_000495,prod_00047,PF-W-HOOD-WOMREL-VIN-XS,Size,XS,Colour,Vintage Cream,150,,500000000495,650,-12
var_000496,prod_00047,PF-W-HOOD-WOMREL-VIN-S,Size,S,Colour,Vintage Cream,150,,500000000496,650,4
var_000497,prod_00047,PF-W-HOOD-WOMREL-VIN-M,Size,M,Colour,Vintage Cream,150,,500000000497,650,18
var_000498,prod_00047,PF-W-HOOD-WOMREL-VIN-L,Size,L,Colour,Vintage Cream,150,,500000000498,650,12
var_000499,prod_00047,PF-W-HOOD-WOMREL-BUR-XS,Size,XS,Colour,Burgundy,150,,500000000499,650,-8
var_000500,prod_00047,PF-W-HOOD-WOMREL-BUR-S,Size,S,Colour,Burgundy,150,,500000000500,650,-2
var_000501,prod_00047,PF-W-HOOD-WOMREL-BUR-M,Size,M,Colour,Burgundy,150,,500000000501,650,16
var_000502,prod_00047,PF-W-HOOD-WOMREL-BUR-L,Size,L,Colour,Burgundy,150,,500000000502,650,9
var_000503,prod_00047,PF-W-HOOD-WOMREL-WAS-XS,Size,XS,Colour,Washed Black,150,,500000000503,650,-13
var_000504,prod_00047,PF-W-HOOD-WOMREL-WAS-S,Size,S,Colour,Washed Black,150,,500000000504,650,-8
var_000505,prod_00047,PF-W-HOOD-WOMREL-WAS-M,Size,M,Colour,Washed Black,150,,500000000505,650,25
var_000506,prod_00047,PF-W-HOOD-WOMREL-WAS-L,Size,L,Colour,Washed Black,150,,500000000506,650,5
var_000507,prod_00048,PF-W-SWEA-WOMWID-CHA-XS,Size,XS,Colour,Charcoal,130,,500000000507,520,6
var_000508,prod_00048,PF-W-SWEA-WOMWID-CHA-S,Size,S,Colour,Charcoal,130,,500000000508,520,17
var_000509,prod_00048,PF-W-SWEA-WOMWID-CHA-M,Size,M,Colour,Charcoal,130,,500000000509,520,26
var_000510,prod_00048,PF-W-SWEA-WOMWID-CHA-L,Size,L,Colour,Charcoal,130,,500000000510,520,13
var_000511,prod_00048,PF-W-SWEA-WOMWID-SAG-XS,Size,XS,Colour,Sage,130,,500000000511,520,2
var_000512,prod_00048,PF-W-SWEA-WOMWID-SAG-S,Size,S,Colour,Sage,130,,500000000512,520,16
var_000513,prod_00048,PF-W-SWEA-WOMWID-SAG-M,Size,M,Colour,Sage,130,,500000000513,520,5
var_000514,prod_00048,PF-W-SWEA-WOMWID-SAG-L,Size,L,Colour,Sage,130,,500000000514,520,10
var_000515,prod_00048,PF-W-SWEA-WOMWID-VIN-XS,Size,XS,Colour,Vintage Cream,130,,500000000515,520,2
var_000516,prod_00048,PF-W-SWEA-WOMWID-VIN-S,Size,S,Colour,Vintage Cream,130,,500000000516,520,14
var_000517,prod_00048,PF-W-SWEA-WOMWID-VIN-M,Size,M,Colour,Vintage Cream,130,,500000000517,520,27
var_000518,prod_00048,PF-W-SWEA-WOMWID-VIN-L,Size,L,Colour,Vintage Cream,130,,500000000518,520,16
var_000519,prod_00049,PF-W-CAP-WOMLOG-WAS-ONE,Size,ONE,Colour,Washed Black,42,,500000000519,120,-52
var_000520,prod_00049,PF-W-CAP-WOMLOG-VIN-ONE,Size,ONE,Colour,Vintage Cream,42,,500000000520,120,-72
var_000521,prod_00049,PF-W-CAP-WOMLOG-SAG-ONE,Size,ONE,Colour,Sage,42,,500000000521,120,-56
var_000522,prod_00050,PF-W-HOOD-WOMCRO-WAS-XS,Size,XS,Colour,Washed Black,145,,500000000522,650,-21
var_000523,prod_00050,PF-W-HOOD-WOMCRO-WAS-S,Size,S,Colour,Washed Black,145,,500000000523,650,-18
var_000524,prod_00050,PF-W-HOOD-WOMCRO-WAS-M,Size,M,Colour,Washed Black,145,,500000000524,650,-12
var_000525,prod_00050,PF-W-HOOD-WOMCRO-WAS-L,Size,L,Colour,Washed Black,145,,500000000525,650,-5
var_000526,prod_00050,PF-W-HOOD-WOMCRO-OFF-XS,Size,XS,Colour,Off-White,145,,500000000526,650,-28
var_000527,prod_00050,PF-W-HOOD-WOMCRO-OFF-S,Size,S,Colour,Off-White,145,,500000000527,650,3
var_000528,prod_00050,PF-W-HOOD-WOMCRO-OFF-M,Size,M,Colour,Off-White,145,,500000000528,650,4
var_000529,prod_00050,PF-W-HOOD-WOMCRO-OFF-L,Size,L,Colour,Off-White,145,,500000000529,650,-8
var_000530,prod_00051,PF-W-TEE-WOMFIT-DEE-XS,Size,XS,Colour,Deep Navy,46,,500000000530,280,-10
var_000531,prod_00051,PF-W-TEE-WOMFIT-DEE-S,Size,S,Colour,Deep Navy,46,,500000000531,280,-6
var_000532,prod_00051,PF-W-TEE-WOMFIT-DEE-M,Size,M,Colour,Deep Navy,46,,500000000532,280,26
var_000533,prod_00051,PF-W-TEE-WOMFIT-DEE-L,Size,L,Colour,Deep Navy,46,,500000000533,280,14
var_000534,prod_00051,PF-W-TEE-WOMFIT-VIN-XS,Size,XS,Colour,Vintage Cream,46,,500000000534,280,-22
var_000535,prod_00051,PF-W-TEE-WOMFIT-VIN-S,Size,S,Colour,Vintage Cream,46,,500000000535,280,-3
var_000536,prod_00051,PF-W-TEE-WOMFIT-VIN-M,Size,M,Colour,Vintage Cream,46,,500000000536,280,16
var_000537,prod_00051,PF-W-TEE-WOMFIT-VIN-L,Size,L,Colour,Vintage Cream,46,,500000000537,280,13
var_000538,prod_00051,PF-W-TEE-WOMFIT-OFF-XS,Size,XS,Colour,Off-White,46,,500000000538,280,-25
var_000539,prod_00051,PF-W-TEE-WOMFIT-OFF-S,Size,S,Colour,Off-White,46,,500000000539,280,18
var_000540,prod_00051,PF-W-TEE-WOMFIT-OFF-M,Size,M,Colour,Off-White,46,,500000000540,280,20
var_000541,prod_00051,PF-W-TEE-WOMFIT-OFF-L,Size,L,Colour,Off-White,46,,500000000541,280,24
var_000542,prod_00052,PF-W-TEE-WOMBOX-CHA-XS,Size,XS,Colour,Charcoal,50,,500000000542,280,-45
var_000543,prod_00052,PF-W-TEE-WOMBOX-CHA-S,Size,S,Colour,Charcoal,50,,500000000543,280,-23
var_000544,prod_00052,PF-W-TEE-WOMBOX-CHA-M,Size,M,Colour,Charcoal,50,,500000000544,280,-19
var_000545,prod_00052,PF-W-TEE-WOMBOX-CHA-L,Size,L,Colour,Charcoal,50,,500000000545,280,-10
var_000546,prod_00052,PF-W-TEE-WOMBOX-SAG-XS,Size,XS,Colour,Sage,50,,500000000546,280,-42
var_000547,prod_00052,PF-W-TEE-WOMBOX-SAG-S,Size,S,Colour,Sage,50,,500000000547,280,-22
var_000548,prod_00052,PF-W-TEE-WOMBOX-SAG-M,Size,M,Colour,Sage,50,,500000000548,280,9
var_000549,prod_00052,PF-W-TEE-WOMBOX-SAG-L,Size,L,Colour,Sage,50,,500000000549,280,3
var_000550,prod_00053,PF-W-SWEA-WOMMIN-WAS-XS,Size,XS,Colour,Washed Black,125,,500000000550,520,-2
var_000551,prod_00053,PF-W-SWEA-WOMMIN-WAS-S,Size,S,Colour,Washed Black,125,,500000000551,520,8
var_000552,prod_00053,PF-W-SWEA-WOMMIN-WAS-M,Size,M,Colour,Washed Black,125,,500000000552,520,21
var_000553,prod_00053,PF-W-SWEA-WOMMIN-WAS-L,Size,L,Colour,Washed Black,125,,500000000553,520,12
var_000554,prod_00053,PF-W-SWEA-WOMMIN-FAD-XS,Size,XS,Colour,Faded Olive,125,,500000000554,520,4
var_000555,prod_00053,PF-W-SWEA-WOMMIN-FAD-S,Size,S,Colour,Faded Olive,125,,500000000555,520,8
var_000556,prod_00053,PF-W-SWEA-WOMMIN-FAD-M,Size,M,Colour,Faded Olive,125,,500000000556,520,14
var_000557,prod_00053,PF-W-SWEA-WOMMIN-FAD-L,Size,L,Colour,Faded Olive,125,,500000000557,520,16
var_000558,prod_00054,PF-OUTE-DOWPUF-WAS-XS,Size,XS,Colour,Washed Black,265,,500000000558,900,2
var_000559,prod_00054,PF-OUTE-DOWPUF-WAS-S,Size,S,Colour,Washed Black,265,,500000000559,900,2
var_000560,prod_00054,PF-OUTE-DOWPUF-WAS-M,Size,M,Colour,Washed Black,265,,500000000560,900,12
var_000561,prod_00054,PF-OUTE-DOWPUF-WAS-L,Size,L,Colour,Washed Black,265,,500000000561,900,7
var_000562,prod_00054,PF-OUTE-DOWPUF-WAS-XL,Size,XL,Colour,Washed Black,265,,500000000562,900,9
var_000563,prod_00054,PF-OUTE-DOWPUF-DEE-XS,Size,XS,Colour,Deep Navy,265,,500000000563,900,1
var_000564,prod_00054,PF-OUTE-DOWPUF-DEE-S,Size,S,Colour,Deep Navy,265,,500000000564,900,-3
var_000565,prod_00054,PF-OUTE-DOWPUF-DEE-M,Size,M,Colour,Deep Navy,265,,500000000565,900,11
var_000566,prod_00054,PF-OUTE-DOWPUF-DEE-L,Size,L,Colour,Deep Navy,265,,500000000566,900,4
var_000567,prod_00054,PF-OUTE-DOWPUF-DEE-XL,Size,XL,Colour,Deep Navy,265,,500000000567,900,-3
var_000568,prod_00055,PF-SWEA-FLELIN-CHA-XS,Size,XS,Colour,Charcoal,158,,500000000568,520,-4
var_000569,prod_00055,PF-SWEA-FLELIN-CHA-S,Size,S,Colour,Charcoal,158,,500000000569,520,6
var_000570,prod_00055,PF-SWEA-FLELIN-CHA-M,Size,M,Colour,Charcoal,158,,500000000570,520,21
var_000571,prod_00055,PF-SWEA-FLELIN-CHA-L,Size,L,Colour,Charcoal,158,,500000000571,520,20
var_000572,prod_00055,PF-SWEA-FLELIN-CHA-XL,Size,XL,Colour,Charcoal,158,,500000000572,520,12
var_000573,prod_00055,PF-SWEA-FLELIN-WAS-XS,Size,XS,Colour,Washed Black,158,,500000000573,520,-6
var_000574,prod_00055,PF-SWEA-FLELIN-WAS-S,Size,S,Colour,Washed Black,158,,500000000574,520,8
var_000575,prod_00055,PF-SWEA-FLELIN-WAS-M,Size,M,Colour,Washed Black,158,,500000000575,520,22
var_000576,prod_00055,PF-SWEA-FLELIN-WAS-L,Size,L,Colour,Washed Black,158,,500000000576,520,22
var_000577,prod_00055,PF-SWEA-FLELIN-WAS-XL,Size,XL,Colour,Washed Black,158,,500000000577,520,20
var_000578,prod_00056,PF-TEE-HOLGRA-WAS-XS,Size,XS,Colour,Washed Black,52,,500000000578,280,-9
var_000579,prod_00056,PF-TEE-HOLGRA-WAS-S,Size,S,Colour,Washed Black,52,,500000000579,280,5
var_000580,prod_00056,PF-TEE-HOLGRA-WAS-M,Size,M,Colour,Washed Black,52,,500000000580,280,28
var_000581,prod_00056,PF-TEE-HOLGRA-WAS-L,Size,L,Colour,Washed Black,52,,500000000581,280,25
var_000582,prod_00056,PF-TEE-HOLGRA-WAS-XL,Size,XL,Colour,Washed Black,52,,500000000582,280,20
var_000583,prod_00056,PF-TEE-HOLGRA-VIN-XS,Size,XS,Colour,Vintage Cream,52,,500000000583,280,-20
var_000584,prod_00056,PF-TEE-HOLGRA-VIN-S,Size,S,Colour,Vintage Cream,52,,500000000584,280,-10
var_000585,prod_00056,PF-TEE-HOLGRA-VIN-M,Size,M,Colour,Vintage Cream,52,,500000000585,280,33
var_000586,prod_00056,PF-TEE-HOLGRA-VIN-L,Size,L,Colour,Vintage Cream,52,,500000000586,280,17
var_000587,prod_00056,PF-TEE-HOLGRA-VIN-XL,Size,XL,Colour,Vintage Cream,52,,500000000587,280,9
var_000588,prod_00056,PF-TEE-HOLGRA-DEE-XS,Size,XS,Colour,Deep Navy,52,,500000000588,280,3
var_000589,prod_00056,PF-TEE-HOLGRA-DEE-S,Size,S,Colour,Deep Navy,52,,500000000589,280,7
var_000590,prod_00056,PF-TEE-HOLGRA-DEE-M,Size,M,Colour,Deep Navy,52,,500000000590,280,35
var_000591,prod_00056,PF-TEE-HOLGRA-DEE-L,Size,L,Colour,Deep Navy,52,,500000000591,280,-4
var_000592,prod_00056,PF-TEE-HOLGRA-DEE-XL,Size,XL,Colour,Deep Navy,52,,500000000592,280,40
var_000593,prod_00057,PF-CAP-BEACAP-WAS-ONE,Size,ONE,Colour,Washed Black,35,,500000000593,120,-18
var_000594,prod_00057,PF-CAP-BEACAP-CHA-ONE,Size,ONE,Colour,Charcoal,35,,500000000594,120,-20
var_000595,prod_00057,PF-CAP-BEACAP-BUR-ONE,Size,ONE,Colour,Burgundy,35,,500000000595,120,-15
var_000596,prod_00058,PF-TEE-PASTEE-SAG-XS,Size,XS,Colour,Sage,50,,500000000596,280,-13
var_000597,prod_00058,PF-TEE-PASTEE-SAG-S,Size,S,Colour,Sage,50,,500000000597,280,-1
var_000598,prod_00058,PF-TEE-PASTEE-SAG-M,Size,M,Colour,Sage,50,,500000000598,280,2
var_000599,prod_00058,PF-TEE-PASTEE-SAG-L,Size,L,Colour,Sage,50,,500000000599,280,12
var_000600,prod_00058,PF-TEE-PASTEE-SAG-XL,Size,XL,Colour,Sage,50,,500000000600,280,8
var_000601,prod_00058,PF-TEE-PASTEE-OFF-XS,Size,XS,Colour,Off-White,50,,500000000601,280,-21
var_000602,prod_00058,PF-TEE-PASTEE-OFF-S,Size,S,Colour,Off-White,50,,500000000602,280,-15
var_000603,prod_00058,PF-TEE-PASTEE-OFF-M,Size,M,Colour,Off-White,50,,500000000603,280,7
var_000604,prod_00058,PF-TEE-PASTEE-OFF-L,Size,L,Colour,Off-White,50,,500000000604,280,-1
var_000605,prod_00058,PF-TEE-PASTEE-OFF-XL,Size,XL,Colour,Off-White,50,,500000000605,280,-2
var_000606,prod_00059,PF-HOOD-SPRZIP-VIN-XS,Size,XS,Colour,Vintage Cream,158,,500000000606,650,-5
var_000607,prod_00059,PF-HOOD-SPRZIP-VIN-S,Size,S,Colour,Vintage Cream,158,,500000000607,650,6
var_000608,prod_00059,PF-HOOD-SPRZIP-VIN-M,Size,M,Colour,Vintage Cream,158,,500000000608,650,9
var_000609,prod_00059,PF-HOOD-SPRZIP-VIN-L,Size,L,Colour,Vintage Cream,158,,500000000609,650,5
var_000610,prod_00059,PF-HOOD-SPRZIP-VIN-XL,Size,XL,Colour,Vintage Cream,158,,500000000610,650,4
var_000611,prod_00059,PF-HOOD-SPRZIP-FAD-XS,Size,XS,Colour,Faded Olive,158,,500000000611,650,-2
var_000612,prod_00059,PF-HOOD-SPRZIP-FAD-S,Size,S,Colour,Faded Olive,158,,500000000612,650,2
var_000613,prod_00059,PF-HOOD-SPRZIP-FAD-M,Size,M,Colour,Faded Olive,158,,500000000613,650,4
var_000614,prod_00059,PF-HOOD-SPRZIP-FAD-L,Size,L,Colour,Faded Olive,158,,500000000614,650,6
var_000615,prod_00059,PF-HOOD-SPRZIP-FAD-XL,Size,XL,Colour,Faded Olive,158,,500000000615,650,6
var_000616,prod_00060,PF-W-TEE-WOMSPR-SAG-XS,Size,XS,Colour,Sage,48,,500000000616,280,-11
var_000617,prod_00060,PF-W-TEE-WOMSPR-SAG-S,Size,S,Colour,Sage,48,,500000000617,280,10
var_000618,prod_00060,PF-W-TEE-WOMSPR-SAG-M,Size,M,Colour,Sage,48,,500000000618,280,12
var_000619,prod_00060,PF-W-TEE-WOMSPR-SAG-L,Size,L,Colour,Sage,48,,500000000619,280,6
var_000620,prod_00060,PF-W-TEE-WOMSPR-VIN-XS,Size,XS,Colour,Vintage Cream,48,,500000000620,280,-6
var_000621,prod_00060,PF-W-TEE-WOMSPR-VIN-S,Size,S,Colour,Vintage Cream,48,,500000000621,280,3
var_000622,prod_00060,PF-W-TEE-WOMSPR-VIN-M,Size,M,Colour,Vintage Cream,48,,500000000622,280,15
var_000623,prod_00060,PF-W-TEE-WOMSPR-VIN-L,Size,L,Colour,Vintage Cream,48,,500000000623,280,-1
var_000624,prod_00060,PF-W-TEE-WOMSPR-OFF-XS,Size,XS,Colour,Off-White,48,,500000000624,280,-6
var_000625,prod_00060,PF-W-TEE-WOMSPR-OFF-S,Size,S,Colour,Off-White,48,,500000000625,280,4
var_000626,prod_00060,PF-W-TEE-WOMSPR-OFF-M,Size,M,Colour,Off-White,48,,500000000626,280,14
var_000627,prod_00060,PF-W-TEE-WOMSPR-OFF-L,Size,L,Colour,Off-White,48,,500000000627,280,16
var_000628,prod_00061,PF-W-SWEA-WOMREL-CHA-XS,Size,XS,Colour,Charcoal,128,,500000000628,520,4
var_000629,prod_00061,PF-W-SWEA-WOMREL-CHA-S,Size,S,Colour,Charcoal,128,,500000000629,520,1
var_000630,prod_00061,PF-W-SWEA-WOMREL-CHA-M,Size,M,Colour,Charcoal,128,,500000000630,520,10
var_000631,prod_00061,PF-W-SWEA-WOMREL-CHA-L,Size,L,Colour,Charcoal,128,,500000000631,520,5
var_000632,prod_00061,PF-W-SWEA-WOMREL-VIN-XS,Size,XS,Colour,Vintage Cream,128,,500000000632,520,5
var_000633,prod_00061,PF-W-SWEA-WOMREL-VIN-S,Size,S,Colour,Vintage Cream,128,,500000000633,520,9
var_000634,prod_00061,PF-W-SWEA-WOMREL-VIN-M,Size,M,Colour,Vintage Cream,128,,500000000634,520,11
var_000635,prod_00061,PF-W-SWEA-WOMREL-VIN-L,Size,L,Colour,Vintage Cream,128,,500000000635,520,5
var_000636,prod_00062,PF-OUTE-LIGPAR-FAD-XS,Size,XS,Colour,Faded Olive,235,,500000000636,900,3
var_000637,prod_00062,PF-OUTE-LIGPAR-FAD-S,Size,S,Colour,Faded Olive,235,,500000000637,900,3
var_000638,prod_00062,PF-OUTE-LIGPAR-FAD-M,Size,M,Colour,Faded Olive,235,,500000000638,900,5
var_000639,prod_00062,PF-OUTE-LIGPAR-FAD-L,Size,L,Colour,Faded Olive,235,,500000000639,900,4
var_000640,prod_00062,PF-OUTE-LIGPAR-FAD-XL,Size,XL,Colour,Faded Olive,235,,500000000640,900,2
var_000641,prod_00062,PF-OUTE-LIGPAR-DEE-XS,Size,XS,Colour,Deep Navy,235,,500000000641,900,8
var_000642,prod_00062,PF-OUTE-LIGPAR-DEE-S,Size,S,Colour,Deep Navy,235,,500000000642,900,6
var_000643,prod_00062,PF-OUTE-LIGPAR-DEE-M,Size,M,Colour,Deep Navy,235,,500000000643,900,7
var_000644,prod_00062,PF-OUTE-LIGPAR-DEE-L,Size,L,Colour,Deep Navy,235,,500000000644,900,0
var_000645,prod_00062,PF-OUTE-LIGPAR-DEE-XL,Size,XL,Colour,Deep Navy,235,,500000000645,900,5
